,sepal_length,sepal_width,petal_length,petal_width
min,-1.8637802962695176,-2.425820417578048,-1.562342242255349,-1.442244824810047
median,-0.05233076425810806,-0.1315388120502606,0.3353540998604662,0.13206729444894882
max,2.4836985805578657,3.0804554356886427,1.7798692259486242,1.7063794137079447
mean,-5.684341886080802e-16,-7.815970093361102e-16,-2.842170943040401e-16,-3.789561257387201e-16
var,1.0,1.0000000000000002,1.0000000000000004,1.0000000000000002
std,1.0,1.0,1.0000000000000002,1.0
,