,property_a,property_b,raw_material_1,raw_material_2,raw_material_3,temperature,time
property_a,1.0,0.11990362402992477,-0.8933305695741511,-0.2365763056211777,0.954257494450555,0.05283435165336833,-0.23086106077064936
property_b,0.11990362402992477,1.0,-0.5369624534442956,0.6503139599772125,0.29541579483572034,0.15000519680887178,-0.027338245029846737
raw_material_1,-0.8933305695741511,-0.5369624534442956,1.0,-0.10854197117649893,-0.9371521589123936,-0.09533485968575113,0.22476825149347704
raw_material_2,-0.2365763056211777,0.6503139599772125,-0.10854197117649893,1.0,-0.2451391384978809,0.03091565165270128,-0.18533469027794547
raw_material_3,0.954257494450555,0.29541579483572034,-0.9371521589123936,-0.2451391384978809,1.0,0.08212407494662366,-0.1541537057213824
temperature,0.05283435165336833,0.15000519680887178,-0.09533485968575113,0.03091565165270128,0.08212407494662366,1.0,0.4994010010534726
time,-0.23086106077064936,-0.027338245029846737,0.22476825149347704,-0.18533469027794547,-0.1541537057213824,0.4994010010534726,1.0
