,property_a,property_b,raw_material_1,raw_material_2,raw_material_3,temperature,time
property_a,1.0,0.11990362402992473,-0.8933305695741511,-0.23657630562117757,0.9542574944505547,0.05283435165336831,-0.23086106077064936
property_b,0.11990362402992473,1.0,-0.5369624534442957,0.6503139599772126,0.29541579483572034,0.15000519680887178,-0.027338245029846737
raw_material_1,-0.8933305695741511,-0.5369624534442957,1.0,-0.10854197117649894,-0.9371521589123935,-0.0953348596857511,0.22476825149347712
raw_material_2,-0.23657630562117757,0.6503139599772126,-0.10854197117649894,1.0,-0.24513913849788085,0.03091565165270128,-0.18533469027794547
raw_material_3,0.9542574944505547,0.29541579483572034,-0.9371521589123935,-0.24513913849788085,1.0,0.08212407494662362,-0.15415370572138237
temperature,0.05283435165336831,0.15000519680887178,-0.0953348596857511,0.03091565165270128,0.08212407494662362,1.0,0.4994010010534728
time,-0.23086106077064936,-0.027338245029846737,0.22476825149347712,-0.18533469027794547,-0.15415370572138237,0.4994010010534728,1.0
